129,0.00,0.00
129,0.00,0.00
130,0.00,0.00
130,0.00,0.00
130,0.00,0.00
130,0.00,0.00
131,0.00,0.00
131,0.00,0.00
253,0.45,3.67
254,0.45,0.00
254,0.45,0.00
254,0.45,0.00
254,0.45,0.00
255,0.45,0.00
255,0.45,0.00
255,0.45,0.00
377,0.90,3.68
378,0.90,0.00
378,0.90,0.00
378,0.90,0.00
378,0.90,0.00
379,0.90,0.00
379,0.90,0.00
379,0.90,0.00
501,1.35,3.68
502,1.35,0.00
502,1.35,0.00
502,1.35,0.00
502,1.35,0.00
503,1.35,0.00
503,1.35,0.00
503,1.35,0.00
625,0.90,-3.68
626,0.90,0.00
626,0.90,0.00
626,0.90,0.00
626,0.90,0.00
627,0.90,0.00
627,0.90,0.00
627,0.90,0.00
749,0.90,0.00
750,0.90,0.00
750,0.90,0.00
750,0.90,0.00
750,0.90,0.00
750,0.90,0.00
751,0.90,0.00
751,0.90,0.00
873,1.80,7.36
874,1.80,0.00
874,1.80,0.00
874,1.80,0.00
874,1.80,0.00
874,1.80,0.00
875,1.80,0.00
875,1.80,0.00
997,2.25,3.68
998,2.25,0.00
998,2.25,0.00
998,2.25,0.00
998,2.25,0.00
998,2.25,0.00
999,2.25,0.00
999,2.25,0.00
1121,1.35,-7.35
1122,1.35,0.00
1122,1.35,0.00
1122,1.35,0.00
1122,1.35,0.00
1122,1.35,0.00
1123,1.35,0.00
1245,1.35,0.00
1245,1.35,0.00
1246,1.35,0.00
1246,1.35,0.00
1246,1.35,0.00
1246,1.35,0.00
1246,1.35,0.00
1247,1.35,0.00
1369,1.35,0.00
1369,1.35,0.00
1370,1.35,0.00
1370,1.35,0.00
1370,1.35,0.00
1370,1.35,0.00
1371,1.35,0.00
1493,0.90,-3.67
1493,0.90,0.00
1494,0.90,0.00
1494,0.90,0.00
1494,0.90,0.00
1494,0.90,0.00
1494,0.90,0.00
1617,0.45,-3.68
1617,0.45,0.00
1617,0.45,0.00
1618,0.45,0.00
1618,0.45,0.00
1618,0.45,0.00
1618,0.45,0.00
1619,0.45,0.00
1741,-7.65,-66.11
1741,-7.65,0.00
1742,-7.65,0.00
1742,-7.65,0.00
1742,-7.65,0.00
1742,-7.65,0.00
1743,-7.65,0.00
1865,-19.35,-95.52
1865,-19.35,0.00
1866,-19.35,0.00
1866,-19.35,0.00
1866,-19.35,0.00
1866,-19.35,0.00
1989,-29.70,-84.47
1989,-29.70,0.00
1989,-29.70,0.00
1990,-29.70,0.00
1990,-29.70,0.00
1990,-29.70,0.00
1990,-29.70,0.00
2113,-39.15,-77.07
2113,-39.15,0.00
2113,-39.15,0.00
2114,-39.15,0.00
2114,-39.15,0.00
2114,-39.15,0.00
2237,-50.40,-91.80
2237,-50.40,0.00
2237,-50.40,0.00
2238,-50.40,0.00
2238,-50.85,-1757.82
2238,-50.85,0.00
2238,-50.85,0.00
2361,-62.10,-91.75
2361,-62.10,0.00
2361,-62.10,0.00
2362,-62.10,0.00
2362,-62.10,0.00
2362,-62.10,0.00
2485,-71.55,-77.07
2485,-71.55,0.00
2485,-71.55,0.00
2486,-71.55,0.00
2486,-71.55,0.00
2486,-71.55,0.00
2486,-71.55,0.00
2609,-79.20,-62.42
2609,-79.20,0.00
2609,-79.20,0.00
2610,-79.20,0.00
2610,-79.20,0.00
2610,-79.20,0.00
2733,-81.45,-18.35
2733,-81.45,0.00
2733,-81.45,0.00
2733,-81.45,0.00
2734,-81.45,0.00
2734,-81.45,0.00
2734,-81.45,0.00
2857,-83.25,-14.69
2857,-83.25,0.00
2857,-83.25,0.00
2857,-83.25,0.00
2858,-83.25,0.00
2858,-83.25,0.00
2981,-84.60,-11.01
2981,-84.60,0.00
2981,-84.60,0.00
2981,-84.60,0.00
2982,-84.60,0.00
2982,-84.60,0.00
2982,-84.60,0.00
3105,-85.95,-11.02
3105,-85.95,0.00
3105,-85.95,0.00
3105,-85.95,0.00
3106,-85.95,0.00
3106,-85.95,0.00
3228,-85.05,7.34
3229,-85.05,0.00
3229,-85.05,0.00
3229,-85.05,0.00
3229,-85.05,0.00
3230,-85.05,0.00
3230,-85.05,0.00
3353,-84.15,7.34
3353,-84.15,0.00
3353,-84.15,0.00
3353,-84.15,0.00
3354,-84.15,0.00
3354,-84.15,0.00
3476,-84.60,-3.67
3477,-84.60,0.00
3477,-84.60,0.00
3477,-84.60,0.00
3477,-84.60,0.00
3478,-84.60,0.00
3478,-84.60,0.00
3600,-81.00,29.37
3601,-81.00,0.00
3601,-81.00,0.00
3601,-80.55,1807.25
3601,-80.55,0.00
3602,-80.55,0.00
3724,-45.90,282.62
3725,-45.90,0.00
3725,-45.90,0.00
3725,-45.90,0.00
3725,-45.90,0.00
3725,-45.45,1807.23
3726,-45.45,0.00
3848,13.50,480.75
3849,13.50,0.00
3849,13.50,0.00
3849,13.50,0.00
3849,13.50,0.00
3850,13.50,0.00
3972,53.10,322.99
3972,53.10,0.00
3973,53.10,0.00
3973,53.10,0.00
3973,53.10,0.00
3973,53.10,0.00
3974,53.10,0.00
4096,45.00,-66.07
4096,45.00,0.00
4097,45.00,0.00
4097,45.00,0.00
4097,45.00,0.00
4097,45.00,0.00
4098,44.55,-1939.66
4220,9.00,-289.93
4220,9.00,0.00
4221,9.00,0.00
4221,9.00,0.00
4221,9.00,0.00
4221,9.00,0.00
4222,9.00,0.00
4344,-26.55,-290.10
4344,-26.55,0.00
4345,-26.55,0.00
4345,-27.00,-1757.82
4345,-27.00,0.00
4345,-27.00,0.00
4468,-32.40,-44.05
4468,-32.40,0.00
4468,-32.40,0.00
4469,-32.40,0.00
4469,-32.40,0.00
4469,-32.40,0.00
4469,-32.40,0.00
4592,-11.70,168.84
4592,-11.70,0.00
4593,-11.70,0.00
4593,-11.70,0.00
4593,-11.70,0.00
4593,-11.70,0.00
4716,14.40,212.94
4716,14.40,0.00
4716,14.40,0.00
4717,14.40,0.00
4717,14.40,0.00
4717,14.40,0.00
4717,14.40,0.00
4840,22.50,66.06
4840,22.50,0.00
4840,22.50,0.00
4841,22.50,0.00
4841,22.50,0.00
4841,22.50,0.00
4841,22.50,0.00
4964,12.60,-80.76
4964,12.60,0.00
4964,12.60,0.00
4965,12.60,0.00
4965,12.15,-1882.84
4965,12.15,0.00
4965,12.15,0.00
5088,-2.25,-117.42
5088,-2.25,0.00
5088,-2.25,0.00
5089,-2.25,0.00
5089,-2.25,0.00
5089,-2.25,0.00
5089,-2.25,0.00
5212,-8.55,-51.42
5212,-8.55,0.00
5212,-8.55,0.00
5213,-8.55,0.00
5213,-8.55,0.00
5213,-8.55,0.00
5213,-8.55,0.00
5336,-5.40,25.72
5336,-5.40,0.00
5336,-5.40,0.00
5337,-5.40,0.00
5337,-5.40,0.00
5337,-5.40,0.00
5460,-1.35,33.07
5460,-1.35,0.00
5460,-0.90,1778.66
5460,-0.90,0.00
5461,-0.90,0.00
5461,-0.90,0.00
5461,-0.90,0.00
5584,0.00,7.35
5584,0.00,0.00
5584,0.00,0.00
5584,0.00,0.00
5585,0.00,0.00
5585,0.00,0.00
5585,0.00,0.00
5585,0.00,0.00
5708,-0.90,-7.35
5708,-0.90,0.00
5708,-0.90,0.00
5708,-0.90,0.00
5709,-0.90,0.00
5709,-0.90,0.00
5709,-0.90,0.00
5832,-0.90,0.00
5832,-0.90,0.00
5832,-0.90,0.00
5832,-0.90,0.00
5833,-0.90,0.00
5833,-0.90,0.00
5833,-0.90,0.00
5956,-0.45,3.67
5956,-0.45,0.00
5956,-0.45,0.00
5956,-0.45,0.00
5957,-0.45,0.00
5957,-0.45,0.00
5957,-0.45,0.00
6080,-0.45,0.00
6080,-0.45,0.00
6080,-0.45,0.00
6080,-0.45,0.00
6081,-0.45,0.00
6081,-0.45,0.00
6081,-0.45,0.00
6204,-0.45,0.00
6204,-0.45,0.00
6204,-0.45,0.00
6204,-0.45,0.00
6205,-0.45,0.00
6205,-0.45,0.00
6205,-0.45,0.00
6328,-0.45,0.00
6328,-0.45,0.00
6328,-0.45,0.00
6328,-0.45,0.00
6329,-0.45,0.00
6329,-0.45,0.00
6329,-0.45,0.00
6451,-0.90,-3.67
6452,-0.90,0.00
6452,-0.90,0.00
6452,-0.90,0.00
6452,-0.90,0.00
6453,-0.90,0.00
6453,-0.90,0.00
6575,-0.90,0.00
6576,-0.90,0.00
6576,-0.90,0.00
6576,-0.90,0.00
6576,-0.90,0.00
6577,-0.90,0.00
6577,-0.90,0.00
6699,-0.90,0.00
6700,-0.90,0.00
6700,-0.90,0.00
6700,-0.90,0.00
6700,-0.90,0.00
6701,-0.90,0.00
6701,-0.90,0.00
6823,-1.35,-3.67
6824,-1.35,0.00